"","stockid","year","catch","rfmo","tax_grp"
"1","ALBAIO",1950,8.15,"IOTC","tuna"
"2","ALBAIO",1951,18.4,"IOTC","tuna"
"3","ALBAIO",1952,80,"IOTC","tuna"
"4","ALBAIO",1953,1110,"IOTC","tuna"
"5","ALBAIO",1954,2850,"IOTC","tuna"
"6","ALBAIO",1955,3360,"IOTC","tuna"
"7","ALBAIO",1956,5630,"IOTC","tuna"
"8","ALBAIO",1957,5340,"IOTC","tuna"
"9","ALBAIO",1958,7300,"IOTC","tuna"
"10","ALBAIO",1959,11700,"IOTC","tuna"
"11","ALBAIO",1960,12100,"IOTC","tuna"
"12","ALBAIO",1961,16600,"IOTC","tuna"
"13","ALBAIO",1962,19000,"IOTC","tuna"
"14","ALBAIO",1963,14200,"IOTC","tuna"
"15","ALBAIO",1964,19400,"IOTC","tuna"
"16","ALBAIO",1965,13000,"IOTC","tuna"
"17","ALBAIO",1966,15500,"IOTC","tuna"
"18","ALBAIO",1967,21900,"IOTC","tuna"
"19","ALBAIO",1968,18300,"IOTC","tuna"
"20","ALBAIO",1969,20300,"IOTC","tuna"
"21","ALBAIO",1970,13400,"IOTC","tuna"
"22","ALBAIO",1971,12500,"IOTC","tuna"
"23","ALBAIO",1972,12000,"IOTC","tuna"
"24","ALBAIO",1973,22800,"IOTC","tuna"
"25","ALBAIO",1974,29500,"IOTC","tuna"
"26","ALBAIO",1975,11000,"IOTC","tuna"
"27","ALBAIO",1976,15000,"IOTC","tuna"
"28","ALBAIO",1977,11900,"IOTC","tuna"
"29","ALBAIO",1978,18100,"IOTC","tuna"
"30","ALBAIO",1979,18100,"IOTC","tuna"
"31","ALBAIO",1980,14000,"IOTC","tuna"
"32","ALBAIO",1981,15100,"IOTC","tuna"
"33","ALBAIO",1982,25300,"IOTC","tuna"
"34","ALBAIO",1983,20300,"IOTC","tuna"
"35","ALBAIO",1984,17800,"IOTC","tuna"
"36","ALBAIO",1985,11500,"IOTC","tuna"
"37","ALBAIO",1986,33900,"IOTC","tuna"
"38","ALBAIO",1987,31900,"IOTC","tuna"
"39","ALBAIO",1988,30500,"IOTC","tuna"
"40","ALBAIO",1989,22000,"IOTC","tuna"
"41","ALBAIO",1990,36000,"IOTC","tuna"
"42","ALBAIO",1991,30300,"IOTC","tuna"
"43","ALBAIO",1992,23000,"IOTC","tuna"
"44","ALBAIO",1993,20600,"IOTC","tuna"
"45","ALBAIO",1994,26500,"IOTC","tuna"
"46","ALBAIO",1995,25000,"IOTC","tuna"
"47","ALBAIO",1996,32300,"IOTC","tuna"
"48","ALBAIO",1997,29800,"IOTC","tuna"
"49","ALBAIO",1998,40600,"IOTC","tuna"
"50","ALBAIO",1999,40300,"IOTC","tuna"
"51","ALBAIO",2000,40200,"IOTC","tuna"
"52","ALBAIO",2001,46100,"IOTC","tuna"
"53","ALBAIO",2002,37000,"IOTC","tuna"
"54","ALBAIO",2003,28700,"IOTC","tuna"
"55","ALBAIO",2004,29800,"IOTC","tuna"
"56","ALBAIO",2005,29200,"IOTC","tuna"
"57","ALBAIO",2006,29700,"IOTC","tuna"
"58","ALBAIO",2007,38500,"IOTC","tuna"
"59","ALBAIO",2008,35800,"IOTC","tuna"
"60","ALBAIO",2009,38100,"IOTC","tuna"
"61","ALBAIO",2010,43900,"IOTC","tuna"
"62","ALBAIO",2011,33600,"IOTC","tuna"
"63","ALBAIO",2012,33400,"IOTC","tuna"
"64","ALBAIO",2013,32600,"IOTC","tuna"
"65","ALBAIO",2014,39400,"IOTC","tuna"
"66","ALBAIO",2015,34200,"IOTC","tuna"
"67","ALBAIO",2016,36000,"IOTC","tuna"
"68","ALBAIO",2017,38900,"IOTC","tuna"
"69","ALBAIO",2018,41400,"IOTC","tuna"
"70","ALBAIO",2019,39876,"IOTC","tuna"
"71","ALBAIO",2020,38082,"IOTC","tuna"
"72","ALBAMED",1950,0,"ICCAT","tuna"
"73","ALBAMED",1951,0,"ICCAT","tuna"
"74","ALBAMED",1952,0,"ICCAT","tuna"
"75","ALBAMED",1953,0,"ICCAT","tuna"
"76","ALBAMED",1954,0,"ICCAT","tuna"
"77","ALBAMED",1955,0,"ICCAT","tuna"
"78","ALBAMED",1956,0,"ICCAT","tuna"
"79","ALBAMED",1957,1700,"ICCAT","tuna"
"80","ALBAMED",1958,2900,"ICCAT","tuna"
"81","ALBAMED",1959,2900,"ICCAT","tuna"
"82","ALBAMED",1960,1300,"ICCAT","tuna"
"83","ALBAMED",1961,1400,"ICCAT","tuna"
"84","ALBAMED",1962,1200,"ICCAT","tuna"
"85","ALBAMED",1963,1600,"ICCAT","tuna"
"86","ALBAMED",1964,1600,"ICCAT","tuna"
"87","ALBAMED",1965,2200,"ICCAT","tuna"
"88","ALBAMED",1966,3000,"ICCAT","tuna"
"89","ALBAMED",1967,2300,"ICCAT","tuna"
"90","ALBAMED",1968,2600,"ICCAT","tuna"
"91","ALBAMED",1969,3400,"ICCAT","tuna"
"92","ALBAMED",1970,500,"ICCAT","tuna"
"93","ALBAMED",1971,500,"ICCAT","tuna"
"94","ALBAMED",1972,701,"ICCAT","tuna"
"95","ALBAMED",1973,500,"ICCAT","tuna"
"96","ALBAMED",1974,500,"ICCAT","tuna"
"97","ALBAMED",1975,500,"ICCAT","tuna"
"98","ALBAMED",1976,561,"ICCAT","tuna"
"99","ALBAMED",1977,613,"ICCAT","tuna"
"100","ALBAMED",1978,590,"ICCAT","tuna"
"101","ALBAMED",1979,833,"ICCAT","tuna"
"102","ALBAMED",1980,500,"ICCAT","tuna"
"103","ALBAMED",1981,1500,"ICCAT","tuna"
"104","ALBAMED",1982,1272,"ICCAT","tuna"
"105","ALBAMED",1983,1235,"ICCAT","tuna"
"106","ALBAMED",1984,3451,"ICCAT","tuna"
"107","ALBAMED",1985,4129,"ICCAT","tuna"
"108","ALBAMED",1986,3712,"ICCAT","tuna"
"109","ALBAMED",1987,3995.565,"ICCAT","tuna"
"110","ALBAMED",1988,4063,"ICCAT","tuna"
"111","ALBAMED",1989,4060,"ICCAT","tuna"
"112","ALBAMED",1990,1896,"ICCAT","tuna"
"113","ALBAMED",1991,2379.09,"ICCAT","tuna"
"114","ALBAMED",1992,2202,"ICCAT","tuna"
"115","ALBAMED",1993,2137.728,"ICCAT","tuna"
"116","ALBAMED",1994,1349,"ICCAT","tuna"
"117","ALBAMED",1995,1587.1,"ICCAT","tuna"
"118","ALBAMED",1996,3150.369,"ICCAT","tuna"
"119","ALBAMED",1997,2540.875,"ICCAT","tuna"
"120","ALBAMED",1998,2697.665,"ICCAT","tuna"
"121","ALBAMED",1999,4856.277,"ICCAT","tuna"
"122","ALBAMED",2000,5576.957,"ICCAT","tuna"
"123","ALBAMED",2001,4870.24,"ICCAT","tuna"
"124","ALBAMED",2002,5607.733,"ICCAT","tuna"
"125","ALBAMED",2003,7898.464,"ICCAT","tuna"
"126","ALBAMED",2004,4874.157,"ICCAT","tuna"
"127","ALBAMED",2005,3529.029,"ICCAT","tuna"
"128","ALBAMED",2006,5964.747,"ICCAT","tuna"
"129","ALBAMED",2007,6519.887,"ICCAT","tuna"
"130","ALBAMED",2008,2969.583,"ICCAT","tuna"
"131","ALBAMED",2009,4023.841,"ICCAT","tuna"
"132","ALBAMED",2010,2123.715,"ICCAT","tuna"
"133","ALBAMED",2011,4627.961,"ICCAT","tuna"
"134","ALBAMED",2012,2046.9,"ICCAT","tuna"
"135","ALBAMED",2013,1503.192,"ICCAT","tuna"
"136","ALBAMED",2014,2400.021,"ICCAT","tuna"
"137","ALBAMED",2015,3554.147,"ICCAT","tuna"
"138","ALBAMED",2016,4319.19,"ICCAT","tuna"
"139","ALBAMED",2017,2780.382,"ICCAT","tuna"
"140","ALBAMED",2018,2862.99,"ICCAT","tuna"
"141","ALBAMED",2019,2484.47,"ICCAT","tuna"
"142","ALBAMED",2020,2674.812,"ICCAT","tuna"
"143","ALBANATL",1950,NA,"ICCAT","tuna"
"144","ALBANATL",1951,34100,"ICCAT","tuna"
"145","ALBANATL",1952,32400,"ICCAT","tuna"
"146","ALBANATL",1953,30100,"ICCAT","tuna"
"147","ALBANATL",1954,40000,"ICCAT","tuna"
"148","ALBANATL",1955,31400,"ICCAT","tuna"
"149","ALBANATL",1956,40900,"ICCAT","tuna"
"150","ALBANATL",1957,42100,"ICCAT","tuna"
"151","ALBANATL",1958,52400,"ICCAT","tuna"
"152","ALBANATL",1959,49900,"ICCAT","tuna"
"153","ALBANATL",1960,52900,"ICCAT","tuna"
"154","ALBANATL",1961,42700,"ICCAT","tuna"
"155","ALBANATL",1962,58800,"ICCAT","tuna"
"156","ALBANATL",1963,60300,"ICCAT","tuna"
"157","ALBANATL",1964,64600,"ICCAT","tuna"
"158","ALBANATL",1965,60700,"ICCAT","tuna"
"159","ALBANATL",1966,47400,"ICCAT","tuna"
"160","ALBANATL",1967,59100,"ICCAT","tuna"
"161","ALBANATL",1968,45200,"ICCAT","tuna"
"162","ALBANATL",1969,46700,"ICCAT","tuna"
"163","ALBANATL",1970,45900,"ICCAT","tuna"
"164","ALBANATL",1971,56800,"ICCAT","tuna"
"165","ALBANATL",1972,48800,"ICCAT","tuna"
"166","ALBANATL",1973,45700,"ICCAT","tuna"
"167","ALBANATL",1974,49600,"ICCAT","tuna"
"168","ALBANATL",1975,41900,"ICCAT","tuna"
"169","ALBANATL",1976,57200,"ICCAT","tuna"
"170","ALBANATL",1977,54000,"ICCAT","tuna"
"171","ALBANATL",1978,50100,"ICCAT","tuna"
"172","ALBANATL",1979,51400,"ICCAT","tuna"
"173","ALBANATL",1980,38700,"ICCAT","tuna"
"174","ALBANATL",1981,34500,"ICCAT","tuna"
"175","ALBANATL",1982,42700,"ICCAT","tuna"
"176","ALBANATL",1983,51500,"ICCAT","tuna"
"177","ALBANATL",1984,41800,"ICCAT","tuna"
"178","ALBANATL",1985,40800,"ICCAT","tuna"
"179","ALBANATL",1986,47600,"ICCAT","tuna"
"180","ALBANATL",1987,38100,"ICCAT","tuna"
"181","ALBANATL",1988,33100,"ICCAT","tuna"
"182","ALBANATL",1989,32100,"ICCAT","tuna"
"183","ALBANATL",1990,36900,"ICCAT","tuna"
"184","ALBANATL",1991,27900,"ICCAT","tuna"
"185","ALBANATL",1992,30900,"ICCAT","tuna"
"186","ALBANATL",1993,38100,"ICCAT","tuna"
"187","ALBANATL",1994,35200,"ICCAT","tuna"
"188","ALBANATL",1995,38400,"ICCAT","tuna"
"189","ALBANATL",1996,28800,"ICCAT","tuna"
"190","ALBANATL",1997,29000,"ICCAT","tuna"
"191","ALBANATL",1998,25700,"ICCAT","tuna"
"192","ALBANATL",1999,34600,"ICCAT","tuna"
"193","ALBANATL",2000,33100,"ICCAT","tuna"
"194","ALBANATL",2001,26300,"ICCAT","tuna"
"195","ALBANATL",2002,22700,"ICCAT","tuna"
"196","ALBANATL",2003,25600,"ICCAT","tuna"
"197","ALBANATL",2004,26000,"ICCAT","tuna"
"198","ALBANATL",2005,35300,"ICCAT","tuna"
"199","ALBANATL",2006,37000,"ICCAT","tuna"
"200","ALBANATL",2007,22000,"ICCAT","tuna"
"201","ALBANATL",2008,20500,"ICCAT","tuna"
"202","ALBANATL",2009,15400,"ICCAT","tuna"
"203","ALBANATL",2010,19500,"ICCAT","tuna"
"204","ALBANATL",2011,20000,"ICCAT","tuna"
"205","ALBANATL",2012,25700,"ICCAT","tuna"
"206","ALBANATL",2013,24600,"ICCAT","tuna"
"207","ALBANATL",2014,26700,"ICCAT","tuna"
"208","ALBANATL",2015,25400,"ICCAT","tuna"
"209","ALBANATL",2016,30100,"ICCAT","tuna"
"210","ALBANPAC",1950,33734,"IATTC","tuna"
"211","ALBANPAC",1951,15739,"IATTC","tuna"
"212","ALBANPAC",1952,94253,"IATTC","tuna"
"213","ALBANPAC",1953,76895,"IATTC","tuna"
"214","ALBANPAC",1954,61500,"IATTC","tuna"
"215","ALBANPAC",1955,54535,"IATTC","tuna"
"216","ALBANPAC",1956,76640,"IATTC","tuna"
"217","ALBANPAC",1957,92353,"IATTC","tuna"
"218","ALBANPAC",1958,55704,"IATTC","tuna"
"219","ALBANPAC",1959,51172,"IATTC","tuna"
"220","ALBANPAC",1960,63359,"IATTC","tuna"
"221","ALBANPAC",1961,52968,"IATTC","tuna"
"222","ALBANPAC",1962,47424,"IATTC","tuna"
"223","ALBANPAC",1963,68940,"IATTC","tuna"
"224","ALBANPAC",1964,62441,"IATTC","tuna"
"225","ALBANPAC",1965,73093,"IATTC","tuna"
"226","ALBANPAC",1966,66172,"IATTC","tuna"
"227","ALBANPAC",1967,83182,"IATTC","tuna"
"228","ALBANPAC",1968,68837,"IATTC","tuna"
"229","ALBANPAC",1969,74242,"IATTC","tuna"
"230","ALBANPAC",1970,68719,"IATTC","tuna"
"231","ALBANPAC",1971,90911,"IATTC","tuna"
"232","ALBANPAC",1972,103185,"IATTC","tuna"
"233","ALBANPAC",1973,107186,"IATTC","tuna"
"234","ALBANPAC",1974,117794,"IATTC","tuna"
"235","ALBANPAC",1975,95572,"IATTC","tuna"
"236","ALBANPAC",1976,127227,"IATTC","tuna"
"237","ALBANPAC",1977,62568,"IATTC","tuna"
"238","ALBANPAC",1978,99518,"IATTC","tuna"
"239","ALBANPAC",1979,70277,"IATTC","tuna"
"240","ALBANPAC",1980,74947,"IATTC","tuna"
"241","ALBANPAC",1981,70901,"IATTC","tuna"
"242","ALBANPAC",1982,72443,"IATTC","tuna"
"243","ALBANPAC",1983,54149,"IATTC","tuna"
"244","ALBANPAC",1984,71586,"IATTC","tuna"
"245","ALBANPAC",1985,58917,"IATTC","tuna"
"246","ALBANPAC",1986,47916,"IATTC","tuna"
"247","ALBANPAC",1987,49186,"IATTC","tuna"
"248","ALBANPAC",1988,44302,"IATTC","tuna"
"249","ALBANPAC",1989,43460,"IATTC","tuna"
"250","ALBANPAC",1990,52613,"IATTC","tuna"
"251","ALBANPAC",1991,26047,"IATTC","tuna"
"252","ALBANPAC",1992,54470,"IATTC","tuna"
"253","ALBANPAC",1993,53945,"IATTC","tuna"
"254","ALBANPAC",1994,72988,"IATTC","tuna"
"255","ALBANPAC",1995,67853,"IATTC","tuna"
"256","ALBANPAC",1996,84016,"IATTC","tuna"
"257","ALBANPAC",1997,103606,"IATTC","tuna"
"258","ALBANPAC",1998,92029,"IATTC","tuna"
"259","ALBANPAC",1999,119066,"IATTC","tuna"
"260","ALBANPAC",2000,81033,"IATTC","tuna"
"261","ALBANPAC",2001,88522,"IATTC","tuna"
"262","ALBANPAC",2002,104070,"IATTC","tuna"
"263","ALBANPAC",2003,90090,"IATTC","tuna"
"264","ALBANPAC",2004,86252,"IATTC","tuna"
"265","ALBANPAC",2005,59008,"IATTC","tuna"
"266","ALBANPAC",2006,61403,"IATTC","tuna"
"267","ALBANPAC",2007,88579,"IATTC","tuna"
"268","ALBANPAC",2008,62698,"IATTC","tuna"
"269","ALBANPAC",2009,77683,"IATTC","tuna"
"270","ALBANPAC",2010,64258,"IATTC","tuna"
"271","ALBANPAC",2011,67988,"IATTC","tuna"
"272","ALBANPAC",2012,83150,"IATTC","tuna"
"273","ALBANPAC",2013,79166,"IATTC","tuna"
"274","ALBANPAC",2014,74060,"IATTC","tuna"
"275","ALBANPAC",2015,64216,"IATTC","tuna"
"276","ALBANPAC",2016,52998,"IATTC","tuna"
"277","ALBANPAC",2017,54082,"IATTC","tuna"
"278","ALBANPAC",2018,49850,"IATTC","tuna"
"279","ALBANPAC",2019,39618,"IATTC","tuna"
"280","ALBANPAC",2020,36226,"IATTC","tuna"
"281","ALBASATL",1950,NA,"ICCAT","tuna"
"282","ALBASATL",1951,0,"ICCAT","tuna"
"283","ALBASATL",1952,0,"ICCAT","tuna"
"284","ALBASATL",1953,0,"ICCAT","tuna"
"285","ALBASATL",1954,0,"ICCAT","tuna"
"286","ALBASATL",1955,0,"ICCAT","tuna"
"287","ALBASATL",1956,21,"ICCAT","tuna"
"288","ALBASATL",1957,725,"ICCAT","tuna"
"289","ALBASATL",1958,1050,"ICCAT","tuna"
"290","ALBASATL",1959,4720,"ICCAT","tuna"
"291","ALBASATL",1960,10500,"ICCAT","tuna"
"292","ALBASATL",1961,10800,"ICCAT","tuna"
"293","ALBASATL",1962,19000,"ICCAT","tuna"
"294","ALBASATL",1963,17400,"ICCAT","tuna"
"295","ALBASATL",1964,26000,"ICCAT","tuna"
"296","ALBASATL",1965,29800,"ICCAT","tuna"
"297","ALBASATL",1966,27300,"ICCAT","tuna"
"298","ALBASATL",1967,15900,"ICCAT","tuna"
"299","ALBASATL",1968,25700,"ICCAT","tuna"
"300","ALBASATL",1969,28500,"ICCAT","tuna"
"301","ALBASATL",1970,23700,"ICCAT","tuna"
"302","ALBASATL",1971,24900,"ICCAT","tuna"
"303","ALBASATL",1972,33200,"ICCAT","tuna"
"304","ALBASATL",1973,28200,"ICCAT","tuna"
"305","ALBASATL",1974,19700,"ICCAT","tuna"
"306","ALBASATL",1975,17600,"ICCAT","tuna"
"307","ALBASATL",1976,19400,"ICCAT","tuna"
"308","ALBASATL",1977,21500,"ICCAT","tuna"
"309","ALBASATL",1978,23100,"ICCAT","tuna"
"310","ALBASATL",1979,22600,"ICCAT","tuna"
"311","ALBASATL",1980,22900,"ICCAT","tuna"
"312","ALBASATL",1981,24000,"ICCAT","tuna"
"313","ALBASATL",1982,29700,"ICCAT","tuna"
"314","ALBASATL",1983,14900,"ICCAT","tuna"
"315","ALBASATL",1984,14600,"ICCAT","tuna"
"316","ALBASATL",1985,31100,"ICCAT","tuna"
"317","ALBASATL",1986,37300,"ICCAT","tuna"
"318","ALBASATL",1987,40600,"ICCAT","tuna"
"319","ALBASATL",1988,30200,"ICCAT","tuna"
"320","ALBASATL",1989,27200,"ICCAT","tuna"
"321","ALBASATL",1990,28700,"ICCAT","tuna"
"322","ALBASATL",1991,26000,"ICCAT","tuna"
"323","ALBASATL",1992,36600,"ICCAT","tuna"
"324","ALBASATL",1993,32800,"ICCAT","tuna"
"325","ALBASATL",1994,35300,"ICCAT","tuna"
"326","ALBASATL",1995,27600,"ICCAT","tuna"
"327","ALBASATL",1996,28400,"ICCAT","tuna"
"328","ALBASATL",1997,28000,"ICCAT","tuna"
"329","ALBASATL",1998,30600,"ICCAT","tuna"
"330","ALBASATL",1999,27700,"ICCAT","tuna"
"331","ALBASATL",2000,31400,"ICCAT","tuna"
"332","ALBASATL",2001,38800,"ICCAT","tuna"
"333","ALBASATL",2002,31700,"ICCAT","tuna"
"334","ALBASATL",2003,28000,"ICCAT","tuna"
"335","ALBASATL",2004,22500,"ICCAT","tuna"
"336","ALBASATL",2005,18900,"ICCAT","tuna"
"337","ALBASATL",2006,24500,"ICCAT","tuna"
"338","ALBASATL",2007,20300,"ICCAT","tuna"
"339","ALBASATL",2008,18900,"ICCAT","tuna"
"340","ALBASATL",2009,22300,"ICCAT","tuna"
"341","ALBASATL",2010,19200,"ICCAT","tuna"
"342","ALBASATL",2011,24100,"ICCAT","tuna"
"343","ALBASATL",2012,25100,"ICCAT","tuna"
"344","ALBASATL",2013,19300,"ICCAT","tuna"
"345","ALBASATL",2014,13700,"ICCAT","tuna"
"346","ALBASATL",2015,15100,"ICCAT","tuna"
"347","ALBASATL",2016,13700,"ICCAT","tuna"
"348","ALBASPAC",1952,154,"WCPFC","tuna"
"349","ALBASPAC",1953,803,"WCPFC","tuna"
"350","ALBASPAC",1954,9578,"WCPFC","tuna"
"351","ALBASPAC",1955,8625,"WCPFC","tuna"
"352","ALBASPAC",1956,7281,"WCPFC","tuna"
"353","ALBASPAC",1957,8757,"WCPFC","tuna"
"354","ALBASPAC",1958,18636,"WCPFC","tuna"
"355","ALBASPAC",1959,17841,"WCPFC","tuna"
"356","ALBASPAC",1960,22293,"WCPFC","tuna"
"357","ALBASPAC",1961,23742,"WCPFC","tuna"
"358","ALBASPAC",1962,35219,"WCPFC","tuna"
"359","ALBASPAC",1963,31111,"WCPFC","tuna"
"360","ALBASPAC",1964,22824,"WCPFC","tuna"
"361","ALBASPAC",1965,25455,"WCPFC","tuna"
"362","ALBASPAC",1966,38661,"WCPFC","tuna"
"363","ALBASPAC",1967,43957,"WCPFC","tuna"
"364","ALBASPAC",1968,32382,"WCPFC","tuna"
"365","ALBASPAC",1969,24805,"WCPFC","tuna"
"366","ALBASPAC",1970,34925,"WCPFC","tuna"
"367","ALBASPAC",1971,38630,"WCPFC","tuna"
"368","ALBASPAC",1972,39521,"WCPFC","tuna"
"369","ALBASPAC",1973,47330,"WCPFC","tuna"
"370","ALBASPAC",1974,34049,"WCPFC","tuna"
"371","ALBASPAC",1975,23600,"WCPFC","tuna"
"372","ALBASPAC",1976,29082,"WCPFC","tuna"
"373","ALBASPAC",1977,38740,"WCPFC","tuna"
"374","ALBASPAC",1978,34676,"WCPFC","tuna"
"375","ALBASPAC",1979,27076,"WCPFC","tuna"
"376","ALBASPAC",1980,32541,"WCPFC","tuna"
"377","ALBASPAC",1981,34784,"WCPFC","tuna"
"378","ALBASPAC",1982,30788,"WCPFC","tuna"
"379","ALBASPAC",1983,25092,"WCPFC","tuna"
"380","ALBASPAC",1984,24704,"WCPFC","tuna"
"381","ALBASPAC",1985,32328,"WCPFC","tuna"
"382","ALBASPAC",1986,36590,"WCPFC","tuna"
"383","ALBASPAC",1987,25052,"WCPFC","tuna"
"384","ALBASPAC",1988,37867,"WCPFC","tuna"
"385","ALBASPAC",1989,49076,"WCPFC","tuna"
"386","ALBASPAC",1990,36062,"WCPFC","tuna"
"387","ALBASPAC",1991,35600,"WCPFC","tuna"
"388","ALBASPAC",1992,38668,"WCPFC","tuna"
"389","ALBASPAC",1993,35438,"WCPFC","tuna"
"390","ALBASPAC",1994,42318,"WCPFC","tuna"
"391","ALBASPAC",1995,38475,"WCPFC","tuna"
"392","ALBASPAC",1996,34402,"WCPFC","tuna"
"393","ALBASPAC",1997,39490,"WCPFC","tuna"
"394","ALBASPAC",1998,50575,"WCPFC","tuna"
"395","ALBASPAC",1999,39674,"WCPFC","tuna"
"396","ALBASPAC",2000,48461,"WCPFC","tuna"
"397","ALBASPAC",2001,63690,"WCPFC","tuna"
"398","ALBASPAC",2002,75274,"WCPFC","tuna"
"399","ALBASPAC",2003,64137,"WCPFC","tuna"
"400","ALBASPAC",2004,63514,"WCPFC","tuna"
"401","ALBASPAC",2005,64754,"WCPFC","tuna"
"402","ALBASPAC",2006,65439,"WCPFC","tuna"
"403","ALBASPAC",2007,59370,"WCPFC","tuna"
"404","ALBASPAC",2008,63503,"WCPFC","tuna"
"405","ALBASPAC",2009,84414,"WCPFC","tuna"
"406","ALBASPAC",2010,90849,"WCPFC","tuna"
"407","ALBASPAC",2011,66465,"WCPFC","tuna"
"408","ALBASPAC",2012,89884,"WCPFC","tuna"
"409","ALBASPAC",2013,87982,"WCPFC","tuna"
"410","ALBASPAC",2014,82842,"WCPFC","tuna"
"411","ALBASPAC",2015,83609,"WCPFC","tuna"
"412","ALBASPAC",2016,72512,"WCPFC","tuna"
"413","ALBASPAC",2017,94504,"WCPFC","tuna"
"414","ALBASPAC",2018,83359,"WCPFC","tuna"
"415","ALBASPAC",2019,86083,"WCPFC","tuna"
"416","ALBASPAC",2020,71949,"WCPFC","tuna"
"417","ATBTUNAEATL",1950,NA,"ICCAT","tuna"
"418","ATBTUNAEATL",1951,23000,"ICCAT","tuna"
"419","ATBTUNAEATL",1952,32600,"ICCAT","tuna"
"420","ATBTUNAEATL",1953,31300,"ICCAT","tuna"
"421","ATBTUNAEATL",1954,29300,"ICCAT","tuna"
"422","ATBTUNAEATL",1955,36800,"ICCAT","tuna"
"423","ATBTUNAEATL",1956,24600,"ICCAT","tuna"
"424","ATBTUNAEATL",1957,28500,"ICCAT","tuna"
"425","ATBTUNAEATL",1958,26400,"ICCAT","tuna"
"426","ATBTUNAEATL",1959,20300,"ICCAT","tuna"
"427","ATBTUNAEATL",1960,19800,"ICCAT","tuna"
"428","ATBTUNAEATL",1961,21700,"ICCAT","tuna"
"429","ATBTUNAEATL",1962,24100,"ICCAT","tuna"
"430","ATBTUNAEATL",1963,9310,"ICCAT","tuna"
"431","ATBTUNAEATL",1964,10900,"ICCAT","tuna"
"432","ATBTUNAEATL",1965,11000,"ICCAT","tuna"
"433","ATBTUNAEATL",1966,9650,"ICCAT","tuna"
"434","ATBTUNAEATL",1967,10800,"ICCAT","tuna"
"435","ATBTUNAEATL",1968,5080,"ICCAT","tuna"
"436","ATBTUNAEATL",1969,6250,"ICCAT","tuna"
"437","ATBTUNAEATL",1970,6010,"ICCAT","tuna"
"438","ATBTUNAEATL",1971,4810,"ICCAT","tuna"
"439","ATBTUNAEATL",1972,4830,"ICCAT","tuna"
"440","ATBTUNAEATL",1973,4860,"ICCAT","tuna"
"441","ATBTUNAEATL",1974,6170,"ICCAT","tuna"
"442","ATBTUNAEATL",1975,10200,"ICCAT","tuna"
"443","ATBTUNAEATL",1976,5280,"ICCAT","tuna"
"444","ATBTUNAEATL",1977,7150,"ICCAT","tuna"
"445","ATBTUNAEATL",1978,6200,"ICCAT","tuna"
"446","ATBTUNAEATL",1979,4860,"ICCAT","tuna"
"447","ATBTUNAEATL",1980,4000,"ICCAT","tuna"
"448","ATBTUNAEATL",1981,3580,"ICCAT","tuna"
"449","ATBTUNAEATL",1982,6690,"ICCAT","tuna"
"450","ATBTUNAEATL",1983,8060,"ICCAT","tuna"
"451","ATBTUNAEATL",1984,7430,"ICCAT","tuna"
"452","ATBTUNAEATL",1985,4810,"ICCAT","tuna"
"453","ATBTUNAEATL",1986,4690,"ICCAT","tuna"
"454","ATBTUNAEATL",1987,4450,"ICCAT","tuna"
"455","ATBTUNAEATL",1988,6950,"ICCAT","tuna"
"456","ATBTUNAEATL",1989,5450,"ICCAT","tuna"
"457","ATBTUNAEATL",1990,6310,"ICCAT","tuna"
"458","ATBTUNAEATL",1991,6540,"ICCAT","tuna"
"459","ATBTUNAEATL",1992,7400,"ICCAT","tuna"
"460","ATBTUNAEATL",1993,9320,"ICCAT","tuna"
"461","ATBTUNAEATL",1994,7050,"ICCAT","tuna"
"462","ATBTUNAEATL",1995,9780,"ICCAT","tuna"
"463","ATBTUNAEATL",1996,12100,"ICCAT","tuna"
"464","ATBTUNAEATL",1997,16400,"ICCAT","tuna"
"465","ATBTUNAEATL",1998,11600,"ICCAT","tuna"
"466","ATBTUNAEATL",1999,10200,"ICCAT","tuna"
"467","ATBTUNAEATL",2000,10100,"ICCAT","tuna"
"468","ATBTUNAEATL",2001,10100,"ICCAT","tuna"
"469","ATBTUNAEATL",2002,10300,"ICCAT","tuna"
"470","ATBTUNAEATL",2003,7400,"ICCAT","tuna"
"471","ATBTUNAEATL",2004,7410,"ICCAT","tuna"
"472","ATBTUNAEATL",2005,9040,"ICCAT","tuna"
"473","ATBTUNAEATL",2006,7800,"ICCAT","tuna"
"474","ATBTUNAEATL",2007,8440,"ICCAT","tuna"
"475","ATBTUNAEATL",2008,8240,"ICCAT","tuna"
"476","ATBTUNAEATL",2009,6680,"ICCAT","tuna"
"477","ATBTUNAEATL",2010,4380,"ICCAT","tuna"
"478","ATBTUNAEATL",2011,3980,"ICCAT","tuna"
"479","ATBTUNAEATL",2012,3830,"ICCAT","tuna"
"480","ATBTUNAEATL",2013,4160,"ICCAT","tuna"
"481","ATBTUNAEATL",2014,3920,"ICCAT","tuna"
"482","ATBTUNAEATL",2015,4840,"ICCAT","tuna"
"483","ATBTUNAEATL",2016,6940,"ICCAT","tuna"
"484","BIGEYEATL",1950,NA,"ICCAT","tuna"
"485","BIGEYEATL",1951,1650,"ICCAT","tuna"
"486","BIGEYEATL",1952,2020,"ICCAT","tuna"
"487","BIGEYEATL",1953,2950,"ICCAT","tuna"
"488","BIGEYEATL",1954,2930,"ICCAT","tuna"
"489","BIGEYEATL",1955,4810,"ICCAT","tuna"
"490","BIGEYEATL",1956,2780,"ICCAT","tuna"
"491","BIGEYEATL",1957,8720,"ICCAT","tuna"
"492","BIGEYEATL",1958,4290,"ICCAT","tuna"
"493","BIGEYEATL",1959,7730,"ICCAT","tuna"
"494","BIGEYEATL",1960,9110,"ICCAT","tuna"
"495","BIGEYEATL",1961,17100,"ICCAT","tuna"
"496","BIGEYEATL",1962,23100,"ICCAT","tuna"
"497","BIGEYEATL",1963,26000,"ICCAT","tuna"
"498","BIGEYEATL",1964,23600,"ICCAT","tuna"
"499","BIGEYEATL",1965,39400,"ICCAT","tuna"
"500","BIGEYEATL",1966,25400,"ICCAT","tuna"
"501","BIGEYEATL",1967,25300,"ICCAT","tuna"
"502","BIGEYEATL",1968,23900,"ICCAT","tuna"
"503","BIGEYEATL",1969,36900,"ICCAT","tuna"
"504","BIGEYEATL",1970,42400,"ICCAT","tuna"
"505","BIGEYEATL",1971,55900,"ICCAT","tuna"
"506","BIGEYEATL",1972,47300,"ICCAT","tuna"
"507","BIGEYEATL",1973,57000,"ICCAT","tuna"
"508","BIGEYEATL",1974,64100,"ICCAT","tuna"
"509","BIGEYEATL",1975,61300,"ICCAT","tuna"
"510","BIGEYEATL",1976,45300,"ICCAT","tuna"
"511","BIGEYEATL",1977,54900,"ICCAT","tuna"
"512","BIGEYEATL",1978,52700,"ICCAT","tuna"
"513","BIGEYEATL",1979,46000,"ICCAT","tuna"
"514","BIGEYEATL",1980,63600,"ICCAT","tuna"
"515","BIGEYEATL",1981,67900,"ICCAT","tuna"
"516","BIGEYEATL",1982,73700,"ICCAT","tuna"
"517","BIGEYEATL",1983,59600,"ICCAT","tuna"
"518","BIGEYEATL",1984,71100,"ICCAT","tuna"
"519","BIGEYEATL",1985,78300,"ICCAT","tuna"
"520","BIGEYEATL",1986,65400,"ICCAT","tuna"
"521","BIGEYEATL",1987,57400,"ICCAT","tuna"
"522","BIGEYEATL",1988,66400,"ICCAT","tuna"
"523","BIGEYEATL",1989,78700,"ICCAT","tuna"
"524","BIGEYEATL",1990,85300,"ICCAT","tuna"
"525","BIGEYEATL",1991,97200,"ICCAT","tuna"
"526","BIGEYEATL",1992,1e+05,"ICCAT","tuna"
"527","BIGEYEATL",1993,114000,"ICCAT","tuna"
"528","BIGEYEATL",1994,135000,"ICCAT","tuna"
"529","BIGEYEATL",1995,128000,"ICCAT","tuna"
"530","BIGEYEATL",1996,121000,"ICCAT","tuna"
"531","BIGEYEATL",1997,110000,"ICCAT","tuna"
"532","BIGEYEATL",1998,108000,"ICCAT","tuna"
"533","BIGEYEATL",1999,122000,"ICCAT","tuna"
"534","BIGEYEATL",2000,104000,"ICCAT","tuna"
"535","BIGEYEATL",2001,91200,"ICCAT","tuna"
"536","BIGEYEATL",2002,75700,"ICCAT","tuna"
"537","BIGEYEATL",2003,87700,"ICCAT","tuna"
"538","BIGEYEATL",2004,90500,"ICCAT","tuna"
"539","BIGEYEATL",2005,68000,"ICCAT","tuna"
"540","BIGEYEATL",2006,58900,"ICCAT","tuna"
"541","BIGEYEATL",2007,75100,"ICCAT","tuna"
"542","BIGEYEATL",2008,67700,"ICCAT","tuna"
"543","BIGEYEATL",2009,80400,"ICCAT","tuna"
"544","BIGEYEATL",2010,80500,"ICCAT","tuna"
"545","BIGEYEATL",2011,83000,"ICCAT","tuna"
"546","BIGEYEATL",2012,75900,"ICCAT","tuna"
"547","BIGEYEATL",2013,73200,"ICCAT","tuna"
"548","BIGEYEATL",2014,78200,"ICCAT","tuna"
"549","BIGEYEATL",2015,80100,"ICCAT","tuna"
"550","BIGEYEATL",2016,72400,"ICCAT","tuna"
"551","BIGEYECWPAC",1950,18890,"WCPFC","tuna"
"552","BIGEYECWPAC",1951,14632,"WCPFC","tuna"
"553","BIGEYECWPAC",1952,27494,"WCPFC","tuna"
"554","BIGEYECWPAC",1953,26044,"WCPFC","tuna"
"555","BIGEYECWPAC",1954,18664,"WCPFC","tuna"
"556","BIGEYECWPAC",1955,29034,"WCPFC","tuna"
"557","BIGEYECWPAC",1956,33650,"WCPFC","tuna"
"558","BIGEYECWPAC",1957,40712,"WCPFC","tuna"
"559","BIGEYECWPAC",1958,50242,"WCPFC","tuna"
"560","BIGEYECWPAC",1959,42803,"WCPFC","tuna"
"561","BIGEYECWPAC",1960,45025,"WCPFC","tuna"
"562","BIGEYECWPAC",1961,39380,"WCPFC","tuna"
"563","BIGEYECWPAC",1962,36868,"WCPFC","tuna"
"564","BIGEYECWPAC",1963,44346,"WCPFC","tuna"
"565","BIGEYECWPAC",1964,32380,"WCPFC","tuna"
"566","BIGEYECWPAC",1965,31329,"WCPFC","tuna"
"567","BIGEYECWPAC",1966,33152,"WCPFC","tuna"
"568","BIGEYECWPAC",1967,35909,"WCPFC","tuna"
"569","BIGEYECWPAC",1968,29869,"WCPFC","tuna"
"570","BIGEYECWPAC",1969,35832,"WCPFC","tuna"
"571","BIGEYECWPAC",1970,41085,"WCPFC","tuna"
"572","BIGEYECWPAC",1971,42581,"WCPFC","tuna"
"573","BIGEYECWPAC",1972,55457,"WCPFC","tuna"
"574","BIGEYECWPAC",1973,46762,"WCPFC","tuna"
"575","BIGEYECWPAC",1974,48892,"WCPFC","tuna"
"576","BIGEYECWPAC",1975,65449,"WCPFC","tuna"
"577","BIGEYECWPAC",1976,78299,"WCPFC","tuna"
"578","BIGEYECWPAC",1977,78221,"WCPFC","tuna"
"579","BIGEYECWPAC",1978,61102,"WCPFC","tuna"
"580","BIGEYECWPAC",1979,68039,"WCPFC","tuna"
"581","BIGEYECWPAC",1980,68051,"WCPFC","tuna"
"582","BIGEYECWPAC",1981,62093,"WCPFC","tuna"
"583","BIGEYECWPAC",1982,74048,"WCPFC","tuna"
"584","BIGEYECWPAC",1983,78998,"WCPFC","tuna"
"585","BIGEYECWPAC",1984,84188,"WCPFC","tuna"
"586","BIGEYECWPAC",1985,84333,"WCPFC","tuna"
"587","BIGEYECWPAC",1986,101300,"WCPFC","tuna"
"588","BIGEYECWPAC",1987,105294,"WCPFC","tuna"
"589","BIGEYECWPAC",1988,92649,"WCPFC","tuna"
"590","BIGEYECWPAC",1989,100824,"WCPFC","tuna"
"591","BIGEYECWPAC",1990,124342,"WCPFC","tuna"
"592","BIGEYECWPAC",1991,107727,"WCPFC","tuna"
"593","BIGEYECWPAC",1992,131196,"WCPFC","tuna"
"594","BIGEYECWPAC",1993,113424,"WCPFC","tuna"
"595","BIGEYECWPAC",1994,124623,"WCPFC","tuna"
"596","BIGEYECWPAC",1995,110376,"WCPFC","tuna"
"597","BIGEYECWPAC",1996,107153,"WCPFC","tuna"
"598","BIGEYECWPAC",1997,133740,"WCPFC","tuna"
"599","BIGEYECWPAC",1998,152607,"WCPFC","tuna"
"600","BIGEYECWPAC",1999,163186,"WCPFC","tuna"
"601","BIGEYECWPAC",2000,149248,"WCPFC","tuna"
"602","BIGEYECWPAC",2001,135601,"WCPFC","tuna"
"603","BIGEYECWPAC",2002,158936,"WCPFC","tuna"
"604","BIGEYECWPAC",2003,143931,"WCPFC","tuna"
"605","BIGEYECWPAC",2004,182945,"WCPFC","tuna"
"606","BIGEYECWPAC",2005,155709,"WCPFC","tuna"
"607","BIGEYECWPAC",2006,165069,"WCPFC","tuna"
"608","BIGEYECWPAC",2007,165153,"WCPFC","tuna"
"609","BIGEYECWPAC",2008,171318,"WCPFC","tuna"
"610","BIGEYECWPAC",2009,169168,"WCPFC","tuna"
"611","BIGEYECWPAC",2010,139927,"WCPFC","tuna"
"612","BIGEYECWPAC",2011,168273,"WCPFC","tuna"
"613","BIGEYECWPAC",2012,167341,"WCPFC","tuna"
"614","BIGEYECWPAC",2013,154882,"WCPFC","tuna"
"615","BIGEYECWPAC",2014,169029,"WCPFC","tuna"
"616","BIGEYECWPAC",2015,145722,"WCPFC","tuna"
"617","BIGEYECWPAC",2016,156681,"WCPFC","tuna"
"618","BIGEYECWPAC",2017,130535,"WCPFC","tuna"
"619","BIGEYECWPAC",2018,151569,"WCPFC","tuna"
"620","BIGEYECWPAC",2019,131193,"WCPFC","tuna"
"621","BIGEYECWPAC",2020,148371,"WCPFC","tuna"
"622","BIGEYEEPAC",1954,1610,"IATTC","tuna"
"623","BIGEYEEPAC",1955,1810,"IATTC","tuna"
"624","BIGEYEEPAC",1956,2410,"IATTC","tuna"
"625","BIGEYEEPAC",1957,9700,"IATTC","tuna"
"626","BIGEYEEPAC",1958,10600,"IATTC","tuna"
"627","BIGEYEEPAC",1959,11500,"IATTC","tuna"
"628","BIGEYEEPAC",1960,17700,"IATTC","tuna"
"629","BIGEYEEPAC",1961,52600,"IATTC","tuna"
"630","BIGEYEEPAC",1962,45700,"IATTC","tuna"
"631","BIGEYEEPAC",1963,66800,"IATTC","tuna"
"632","BIGEYEEPAC",1964,46400,"IATTC","tuna"
"633","BIGEYEEPAC",1965,29400,"IATTC","tuna"
"634","BIGEYEEPAC",1966,35300,"IATTC","tuna"
"635","BIGEYEEPAC",1967,38900,"IATTC","tuna"
"636","BIGEYEEPAC",1968,40000,"IATTC","tuna"
"637","BIGEYEEPAC",1969,53200,"IATTC","tuna"
"638","BIGEYEEPAC",1970,35800,"IATTC","tuna"
"639","BIGEYEEPAC",1971,34300,"IATTC","tuna"
"640","BIGEYEEPAC",1972,40200,"IATTC","tuna"
"641","BIGEYEEPAC",1973,54400,"IATTC","tuna"
"642","BIGEYEEPAC",1974,38500,"IATTC","tuna"
"643","BIGEYEEPAC",1975,48300,"IATTC","tuna"
"644","BIGEYEEPAC",1976,71600,"IATTC","tuna"
"645","BIGEYEEPAC",1977,85200,"IATTC","tuna"
"646","BIGEYEEPAC",1978,89200,"IATTC","tuna"
"647","BIGEYEEPAC",1979,67500,"IATTC","tuna"
"648","BIGEYEEPAC",1980,86400,"IATTC","tuna"
"649","BIGEYEEPAC",1981,68300,"IATTC","tuna"
"650","BIGEYEEPAC",1982,60300,"IATTC","tuna"
"651","BIGEYEEPAC",1983,64700,"IATTC","tuna"
"652","BIGEYEEPAC",1984,55300,"IATTC","tuna"
"653","BIGEYEEPAC",1985,72400,"IATTC","tuna"
"654","BIGEYEEPAC",1986,105000,"IATTC","tuna"
"655","BIGEYEEPAC",1987,101000,"IATTC","tuna"
"656","BIGEYEEPAC",1988,74300,"IATTC","tuna"
"657","BIGEYEEPAC",1989,73000,"IATTC","tuna"
"658","BIGEYEEPAC",1990,105000,"IATTC","tuna"
"659","BIGEYEEPAC",1991,109000,"IATTC","tuna"
"660","BIGEYEEPAC",1992,92000,"IATTC","tuna"
"661","BIGEYEEPAC",1993,82200,"IATTC","tuna"
"662","BIGEYEEPAC",1994,107000,"IATTC","tuna"
"663","BIGEYEEPAC",1995,105000,"IATTC","tuna"
"664","BIGEYEEPAC",1996,109000,"IATTC","tuna"
"665","BIGEYEEPAC",1997,117000,"IATTC","tuna"
"666","BIGEYEEPAC",1998,91100,"IATTC","tuna"
"667","BIGEYEEPAC",1999,88100,"IATTC","tuna"
"668","BIGEYEEPAC",2000,143000,"IATTC","tuna"
"669","BIGEYEEPAC",2001,129000,"IATTC","tuna"
"670","BIGEYEEPAC",2002,132000,"IATTC","tuna"
"671","BIGEYEEPAC",2003,113000,"IATTC","tuna"
"672","BIGEYEEPAC",2004,109000,"IATTC","tuna"
"673","BIGEYEEPAC",2005,109000,"IATTC","tuna"
"674","BIGEYEEPAC",2006,118000,"IATTC","tuna"
"675","BIGEYEEPAC",2007,93400,"IATTC","tuna"
"676","BIGEYEEPAC",2008,101000,"IATTC","tuna"
"677","BIGEYEEPAC",2009,108000,"IATTC","tuna"
"678","BIGEYEEPAC",2010,94800,"IATTC","tuna"
"679","BIGEYEEPAC",2011,88800,"IATTC","tuna"
"680","BIGEYEEPAC",2012,102000,"IATTC","tuna"
"681","BIGEYEEPAC",2013,85800,"IATTC","tuna"
"682","BIGEYEEPAC",2014,96000,"IATTC","tuna"
"683","BIGEYEEPAC",2015,105000,"IATTC","tuna"
"684","BIGEYEEPAC",2016,94100,"IATTC","tuna"
"685","BIGEYEIO",1950,21.2,"IOTC","tuna"
"686","BIGEYEIO",1951,45.5,"IOTC","tuna"
"687","BIGEYEIO",1952,321,"IOTC","tuna"
"688","BIGEYEIO",1953,1700,"IOTC","tuna"
"689","BIGEYEIO",1954,6900,"IOTC","tuna"
"690","BIGEYEIO",1955,9800,"IOTC","tuna"
"691","BIGEYEIO",1956,12900,"IOTC","tuna"
"692","BIGEYEIO",1957,12200,"IOTC","tuna"
"693","BIGEYEIO",1958,11900,"IOTC","tuna"
"694","BIGEYEIO",1959,10100,"IOTC","tuna"
"695","BIGEYEIO",1960,16400,"IOTC","tuna"
"696","BIGEYEIO",1961,15200,"IOTC","tuna"
"697","BIGEYEIO",1962,18900,"IOTC","tuna"
"698","BIGEYEIO",1963,13800,"IOTC","tuna"
"699","BIGEYEIO",1964,18300,"IOTC","tuna"
"700","BIGEYEIO",1965,19500,"IOTC","tuna"
"701","BIGEYEIO",1966,24100,"IOTC","tuna"
"702","BIGEYEIO",1967,24900,"IOTC","tuna"
"703","BIGEYEIO",1968,37500,"IOTC","tuna"
"704","BIGEYEIO",1969,29500,"IOTC","tuna"
"705","BIGEYEIO",1970,25700,"IOTC","tuna"
"706","BIGEYEIO",1971,21100,"IOTC","tuna"
"707","BIGEYEIO",1972,18700,"IOTC","tuna"
"708","BIGEYEIO",1973,16500,"IOTC","tuna"
"709","BIGEYEIO",1974,27200,"IOTC","tuna"
"710","BIGEYEIO",1975,36600,"IOTC","tuna"
"711","BIGEYEIO",1976,28500,"IOTC","tuna"
"712","BIGEYEIO",1977,35200,"IOTC","tuna"
"713","BIGEYEIO",1978,52000,"IOTC","tuna"
"714","BIGEYEIO",1979,36000,"IOTC","tuna"
"715","BIGEYEIO",1980,37300,"IOTC","tuna"
"716","BIGEYEIO",1981,37700,"IOTC","tuna"
"717","BIGEYEIO",1982,47400,"IOTC","tuna"
"718","BIGEYEIO",1983,54900,"IOTC","tuna"
"719","BIGEYEIO",1984,50200,"IOTC","tuna"
"720","BIGEYEIO",1985,58500,"IOTC","tuna"
"721","BIGEYEIO",1986,60700,"IOTC","tuna"
"722","BIGEYEIO",1987,68400,"IOTC","tuna"
"723","BIGEYEIO",1988,79800,"IOTC","tuna"
"724","BIGEYEIO",1989,76500,"IOTC","tuna"
"725","BIGEYEIO",1990,79100,"IOTC","tuna"
"726","BIGEYEIO",1991,82400,"IOTC","tuna"
"727","BIGEYEIO",1992,78200,"IOTC","tuna"
"728","BIGEYEIO",1993,109000,"IOTC","tuna"
"729","BIGEYEIO",1994,117000,"IOTC","tuna"
"730","BIGEYEIO",1995,127000,"IOTC","tuna"
"731","BIGEYEIO",1996,137000,"IOTC","tuna"
"732","BIGEYEIO",1997,157000,"IOTC","tuna"
"733","BIGEYEIO",1998,153000,"IOTC","tuna"
"734","BIGEYEIO",1999,162000,"IOTC","tuna"
"735","BIGEYEIO",2000,140000,"IOTC","tuna"
"736","BIGEYEIO",2001,131000,"IOTC","tuna"
"737","BIGEYEIO",2002,150000,"IOTC","tuna"
"738","BIGEYEIO",2003,140000,"IOTC","tuna"
"739","BIGEYEIO",2004,150000,"IOTC","tuna"
"740","BIGEYEIO",2005,138000,"IOTC","tuna"
"741","BIGEYEIO",2006,133000,"IOTC","tuna"
"742","BIGEYEIO",2007,138000,"IOTC","tuna"
"743","BIGEYEIO",2008,122000,"IOTC","tuna"
"744","BIGEYEIO",2009,119000,"IOTC","tuna"
"745","BIGEYEIO",2010,85400,"IOTC","tuna"
"746","BIGEYEIO",2011,94400,"IOTC","tuna"
"747","BIGEYEIO",2012,120000,"IOTC","tuna"
"748","BIGEYEIO",2013,111000,"IOTC","tuna"
"749","BIGEYEIO",2014,90500,"IOTC","tuna"
"750","BIGEYEIO",2015,93800,"IOTC","tuna"
"751","BIGEYEIO",2016,87600,"IOTC","tuna"
"752","BIGEYEIO",2017,90800,"IOTC","tuna"
"753","BIGEYEIO",2018,94900,"IOTC","tuna"
"754","BIGEYEIO",2019,79500,"IOTC","tuna"
"755","BIGEYEIO",2020,83498,"IOTC","tuna"
"756","PACBTUNA",1952,19162,"IATTC","tuna"
"757","PACBTUNA",1953,20110,"IATTC","tuna"
"758","PACBTUNA",1954,28547,"IATTC","tuna"
"759","PACBTUNA",1955,31988,"IATTC","tuna"
"760","PACBTUNA",1956,40144,"IATTC","tuna"
"761","PACBTUNA",1957,36543,"IATTC","tuna"
"762","PACBTUNA",1958,28584,"IATTC","tuna"
"763","PACBTUNA",1959,19974,"IATTC","tuna"
"764","PACBTUNA",1960,25885,"IATTC","tuna"
"765","PACBTUNA",1961,30810,"IATTC","tuna"
"766","PACBTUNA",1962,32782,"IATTC","tuna"
"767","PACBTUNA",1963,35031,"IATTC","tuna"
"768","PACBTUNA",1964,28517,"IATTC","tuna"
"769","PACBTUNA",1965,27030,"IATTC","tuna"
"770","PACBTUNA",1966,30986,"IATTC","tuna"
"771","PACBTUNA",1967,20701,"IATTC","tuna"
"772","PACBTUNA",1968,21615,"IATTC","tuna"
"773","PACBTUNA",1969,16400,"IATTC","tuna"
"774","PACBTUNA",1970,11422,"IATTC","tuna"
"775","PACBTUNA",1971,17088,"IATTC","tuna"
"776","PACBTUNA",1972,21190,"IATTC","tuna"
"777","PACBTUNA",1973,19560,"IATTC","tuna"
"778","PACBTUNA",1974,20641,"IATTC","tuna"
"779","PACBTUNA",1975,20910,"IATTC","tuna"
"780","PACBTUNA",1976,19303,"IATTC","tuna"
"781","PACBTUNA",1977,18789,"IATTC","tuna"
"782","PACBTUNA",1978,26858,"IATTC","tuna"
"783","PACBTUNA",1979,31679,"IATTC","tuna"
"784","PACBTUNA",1980,22594,"IATTC","tuna"
"785","PACBTUNA",1981,34612,"IATTC","tuna"
"786","PACBTUNA",1982,29375,"IATTC","tuna"
"787","PACBTUNA",1983,20631,"IATTC","tuna"
"788","PACBTUNA",1984,11551,"IATTC","tuna"
"789","PACBTUNA",1985,16078,"IATTC","tuna"
"790","PACBTUNA",1986,19252,"IATTC","tuna"
"791","PACBTUNA",1987,15488,"IATTC","tuna"
"792","PACBTUNA",1988,8960,"IATTC","tuna"
"793","PACBTUNA",1989,10912,"IATTC","tuna"
"794","PACBTUNA",1990,8585,"IATTC","tuna"
"795","PACBTUNA",1991,15759,"IATTC","tuna"
"796","PACBTUNA",1992,13977,"IATTC","tuna"
"797","PACBTUNA",1993,10781,"IATTC","tuna"
"798","PACBTUNA",1994,16891,"IATTC","tuna"
"799","PACBTUNA",1995,29200,"IATTC","tuna"
"800","PACBTUNA",1996,23505,"IATTC","tuna"
"801","PACBTUNA",1997,24579,"IATTC","tuna"
"802","PACBTUNA",1998,15754,"IATTC","tuna"
"803","PACBTUNA",1999,29136,"IATTC","tuna"
"804","PACBTUNA",2000,33946,"IATTC","tuna"
"805","PACBTUNA",2001,18781,"IATTC","tuna"
"806","PACBTUNA",2002,19026,"IATTC","tuna"
"807","PACBTUNA",2003,18528,"IATTC","tuna"
"808","PACBTUNA",2004,25536,"IATTC","tuna"
"809","PACBTUNA",2005,29174,"IATTC","tuna"
"810","PACBTUNA",2006,26234,"IATTC","tuna"
"811","PACBTUNA",2007,20720,"IATTC","tuna"
"812","PACBTUNA",2008,24523,"IATTC","tuna"
"813","PACBTUNA",2009,19440,"IATTC","tuna"
"814","PACBTUNA",2010,17852,"IATTC","tuna"
"815","PACBTUNA",2011,17068,"IATTC","tuna"
"816","PACBTUNA",2012,14841,"IATTC","tuna"
"817","PACBTUNA",2013,11324,"IATTC","tuna"
"818","PACBTUNA",2014,17099,"IATTC","tuna"
"819","PACBTUNA",2015,11221,"IATTC","tuna"
"820","PACBTUNA",2016,13275,"IATTC","tuna"
"821","PACBTUNA",2017,14732,"IATTC","tuna"
"822","PACBTUNA",2018,10186,"IATTC","tuna"
"823","PACBTUNA",2019,11557,"IATTC","tuna"
"824","PACBTUNA",2020,13779,"IATTC","tuna"
"825","SBT",1950,NA,"CCSBT","tuna"
"826","SBT",1951,NA,"CCSBT","tuna"
"827","SBT",1952,829,"CCSBT","tuna"
"828","SBT",1953,4400,"CCSBT","tuna"
"829","SBT",1954,2870,"CCSBT","tuna"
"830","SBT",1955,2290,"CCSBT","tuna"
"831","SBT",1956,10600,"CCSBT","tuna"
"832","SBT",1957,24200,"CCSBT","tuna"
"833","SBT",1958,14800,"CCSBT","tuna"
"834","SBT",1959,64400,"CCSBT","tuna"
"835","SBT",1960,79400,"CCSBT","tuna"
"836","SBT",1961,81800,"CCSBT","tuna"
"837","SBT",1962,45800,"CCSBT","tuna"
"838","SBT",1963,66300,"CCSBT","tuna"
"839","SBT",1964,49900,"CCSBT","tuna"
"840","SBT",1965,47600,"CCSBT","tuna"
"841","SBT",1966,47700,"CCSBT","tuna"
"842","SBT",1967,65600,"CCSBT","tuna"
"843","SBT",1968,58400,"CCSBT","tuna"
"844","SBT",1969,58500,"CCSBT","tuna"
"845","SBT",1970,48200,"CCSBT","tuna"
"846","SBT",1971,45100,"CCSBT","tuna"
"847","SBT",1972,51900,"CCSBT","tuna"
"848","SBT",1973,41200,"CCSBT","tuna"
"849","SBT",1974,46800,"CCSBT","tuna"
"850","SBT",1975,33000,"CCSBT","tuna"
"851","SBT",1976,42500,"CCSBT","tuna"
"852","SBT",1977,42200,"CCSBT","tuna"
"853","SBT",1978,35900,"CCSBT","tuna"
"854","SBT",1979,38700,"CCSBT","tuna"
"855","SBT",1980,45100,"CCSBT","tuna"
"856","SBT",1981,45100,"CCSBT","tuna"
"857","SBT",1982,42800,"CCSBT","tuna"
"858","SBT",1983,42900,"CCSBT","tuna"
"859","SBT",1984,37100,"CCSBT","tuna"
"860","SBT",1985,33300,"CCSBT","tuna"
"861","SBT",1986,28300,"CCSBT","tuna"
"862","SBT",1987,25600,"CCSBT","tuna"
"863","SBT",1988,23100,"CCSBT","tuna"
"864","SBT",1989,17800,"CCSBT","tuna"
"865","SBT",1990,13900,"CCSBT","tuna"
"866","SBT",1991,13700,"CCSBT","tuna"
"867","SBT",1992,14200,"CCSBT","tuna"
"868","SBT",1993,14300,"CCSBT","tuna"
"869","SBT",1994,13200,"CCSBT","tuna"
"870","SBT",1995,13900,"CCSBT","tuna"
"871","SBT",1996,16600,"CCSBT","tuna"
"872","SBT",1997,16100,"CCSBT","tuna"
"873","SBT",1998,17800,"CCSBT","tuna"
"874","SBT",1999,19500,"CCSBT","tuna"
"875","SBT",2000,15500,"CCSBT","tuna"
"876","SBT",2001,16000,"CCSBT","tuna"
"877","SBT",2002,15300,"CCSBT","tuna"
"878","SBT",2003,14100,"CCSBT","tuna"
"879","SBT",2004,13500,"CCSBT","tuna"
"880","SBT",2005,16200,"CCSBT","tuna"
"881","SBT",2006,11700,"CCSBT","tuna"
"882","SBT",2007,10600,"CCSBT","tuna"
"883","SBT",2008,11400,"CCSBT","tuna"
"884","SBT",2009,10900,"CCSBT","tuna"
"885","SBT",2010,9720,"CCSBT","tuna"
"886","SBT",2011,9440,"CCSBT","tuna"
"887","SBT",2012,10300,"CCSBT","tuna"
"888","SBT",2013,11700,"CCSBT","tuna"
"889","SBT",2014,11900,"CCSBT","tuna"
"890","SBT",2015,14400,"CCSBT","tuna"
"891","SBT",2016,14400,"CCSBT","tuna"
"892","SBT",2017,13700,"CCSBT","tuna"
"893","SBT",2018,17100,"CCSBT","tuna"
"894","SBT",2019,16900,"CCSBT","tuna"
"895","SBT",2020,16441,"CCSBT","tuna"
"896","SKJCIO",1950,10800,"IOTC","tuna"
"897","SKJCIO",1951,13700,"IOTC","tuna"
"898","SKJCIO",1952,13500,"IOTC","tuna"
"899","SKJCIO",1953,14300,"IOTC","tuna"
"900","SKJCIO",1954,15100,"IOTC","tuna"
"901","SKJCIO",1955,15300,"IOTC","tuna"
"902","SKJCIO",1956,16000,"IOTC","tuna"
"903","SKJCIO",1957,17700,"IOTC","tuna"
"904","SKJCIO",1958,16800,"IOTC","tuna"
"905","SKJCIO",1959,16900,"IOTC","tuna"
"906","SKJCIO",1960,16700,"IOTC","tuna"
"907","SKJCIO",1961,16600,"IOTC","tuna"
"908","SKJCIO",1962,18900,"IOTC","tuna"
"909","SKJCIO",1963,21300,"IOTC","tuna"
"910","SKJCIO",1964,22300,"IOTC","tuna"
"911","SKJCIO",1965,28500,"IOTC","tuna"
"912","SKJCIO",1966,33700,"IOTC","tuna"
"913","SKJCIO",1967,36200,"IOTC","tuna"
"914","SKJCIO",1968,35900,"IOTC","tuna"
"915","SKJCIO",1969,38500,"IOTC","tuna"
"916","SKJCIO",1970,44300,"IOTC","tuna"
"917","SKJCIO",1971,42600,"IOTC","tuna"
"918","SKJCIO",1972,36400,"IOTC","tuna"
"919","SKJCIO",1973,46500,"IOTC","tuna"
"920","SKJCIO",1974,56800,"IOTC","tuna"
"921","SKJCIO",1975,44600,"IOTC","tuna"
"922","SKJCIO",1976,52300,"IOTC","tuna"
"923","SKJCIO",1977,49700,"IOTC","tuna"
"924","SKJCIO",1978,45300,"IOTC","tuna"
"925","SKJCIO",1979,49500,"IOTC","tuna"
"926","SKJCIO",1980,55500,"IOTC","tuna"
"927","SKJCIO",1981,58800,"IOTC","tuna"
"928","SKJCIO",1982,62300,"IOTC","tuna"
"929","SKJCIO",1983,69900,"IOTC","tuna"
"930","SKJCIO",1984,112000,"IOTC","tuna"
"931","SKJCIO",1985,144000,"IOTC","tuna"
"932","SKJCIO",1986,158000,"IOTC","tuna"
"933","SKJCIO",1987,176000,"IOTC","tuna"
"934","SKJCIO",1988,209000,"IOTC","tuna"
"935","SKJCIO",1989,251000,"IOTC","tuna"
"936","SKJCIO",1990,228000,"IOTC","tuna"
"937","SKJCIO",1991,248000,"IOTC","tuna"
"938","SKJCIO",1992,286000,"IOTC","tuna"
"939","SKJCIO",1993,314000,"IOTC","tuna"
"940","SKJCIO",1994,351000,"IOTC","tuna"
"941","SKJCIO",1995,345000,"IOTC","tuna"
"942","SKJCIO",1996,321000,"IOTC","tuna"
"943","SKJCIO",1997,332000,"IOTC","tuna"
"944","SKJCIO",1998,340000,"IOTC","tuna"
"945","SKJCIO",1999,424000,"IOTC","tuna"
"946","SKJCIO",2000,419000,"IOTC","tuna"
"947","SKJCIO",2001,409000,"IOTC","tuna"
"948","SKJCIO",2002,482000,"IOTC","tuna"
"949","SKJCIO",2003,481000,"IOTC","tuna"
"950","SKJCIO",2004,455000,"IOTC","tuna"
"951","SKJCIO",2005,555000,"IOTC","tuna"
"952","SKJCIO",2006,616000,"IOTC","tuna"
"953","SKJCIO",2007,466000,"IOTC","tuna"
"954","SKJCIO",2008,438000,"IOTC","tuna"
"955","SKJCIO",2009,438000,"IOTC","tuna"
"956","SKJCIO",2010,424000,"IOTC","tuna"
"957","SKJCIO",2011,383000,"IOTC","tuna"
"958","SKJCIO",2012,339000,"IOTC","tuna"
"959","SKJCIO",2013,434000,"IOTC","tuna"
"960","SKJCIO",2014,422000,"IOTC","tuna"
"961","SKJCIO",2015,397000,"IOTC","tuna"
"962","SKJCIO",2016,471000,"IOTC","tuna"
"963","SKJCIO",2017,470000,"IOTC","tuna"
"964","SKJCIO",2018,610000,"IOTC","tuna"
"965","SKJCIO",2019,547248,"IOTC","tuna"
"966","SKJCIO",2020,555211,"IOTC","tuna"
"967","SKJCWPAC",1950,39903,"WCPFC","tuna"
"968","SKJCWPAC",1951,106576,"WCPFC","tuna"
"969","SKJCWPAC",1952,92302,"WCPFC","tuna"
"970","SKJCWPAC",1953,80321,"WCPFC","tuna"
"971","SKJCWPAC",1954,104161,"WCPFC","tuna"
"972","SKJCWPAC",1955,108251,"WCPFC","tuna"
"973","SKJCWPAC",1956,107189,"WCPFC","tuna"
"974","SKJCWPAC",1957,106941,"WCPFC","tuna"
"975","SKJCWPAC",1958,157383,"WCPFC","tuna"
"976","SKJCWPAC",1959,177274,"WCPFC","tuna"
"977","SKJCWPAC",1960,89938,"WCPFC","tuna"
"978","SKJCWPAC",1961,156736,"WCPFC","tuna"
"979","SKJCWPAC",1962,181624,"WCPFC","tuna"
"980","SKJCWPAC",1963,122703,"WCPFC","tuna"
"981","SKJCWPAC",1964,182918,"WCPFC","tuna"
"982","SKJCWPAC",1965,155221,"WCPFC","tuna"
"983","SKJCWPAC",1966,249512,"WCPFC","tuna"
"984","SKJCWPAC",1967,204806,"WCPFC","tuna"
"985","SKJCWPAC",1968,194967,"WCPFC","tuna"
"986","SKJCWPAC",1969,203323,"WCPFC","tuna"
"987","SKJCWPAC",1970,242018,"WCPFC","tuna"
"988","SKJCWPAC",1971,228687,"WCPFC","tuna"
"989","SKJCWPAC",1972,238062,"WCPFC","tuna"
"990","SKJCWPAC",1973,329027,"WCPFC","tuna"
"991","SKJCWPAC",1974,356521,"WCPFC","tuna"
"992","SKJCWPAC",1975,288442,"WCPFC","tuna"
"993","SKJCWPAC",1976,356822,"WCPFC","tuna"
"994","SKJCWPAC",1977,401688,"WCPFC","tuna"
"995","SKJCWPAC",1978,448025,"WCPFC","tuna"
"996","SKJCWPAC",1979,408843,"WCPFC","tuna"
"997","SKJCWPAC",1980,448631,"WCPFC","tuna"
"998","SKJCWPAC",1981,426213,"WCPFC","tuna"
"999","SKJCWPAC",1982,459612,"WCPFC","tuna"
"1000","SKJCWPAC",1983,629452,"WCPFC","tuna"
"1001","SKJCWPAC",1984,703985,"WCPFC","tuna"
"1002","SKJCWPAC",1985,547709,"WCPFC","tuna"
"1003","SKJCWPAC",1986,809107,"WCPFC","tuna"
"1004","SKJCWPAC",1987,638734,"WCPFC","tuna"
"1005","SKJCWPAC",1988,789836,"WCPFC","tuna"
"1006","SKJCWPAC",1989,749973,"WCPFC","tuna"
"1007","SKJCWPAC",1990,809937,"WCPFC","tuna"
"1008","SKJCWPAC",1991,1025145,"WCPFC","tuna"
"1009","SKJCWPAC",1992,928150,"WCPFC","tuna"
"1010","SKJCWPAC",1993,864455,"WCPFC","tuna"
"1011","SKJCWPAC",1994,939508,"WCPFC","tuna"
"1012","SKJCWPAC",1995,977478,"WCPFC","tuna"
"1013","SKJCWPAC",1996,1003205,"WCPFC","tuna"
"1014","SKJCWPAC",1997,942932,"WCPFC","tuna"
"1015","SKJCWPAC",1998,1247087,"WCPFC","tuna"
"1016","SKJCWPAC",1999,1072899,"WCPFC","tuna"
"1017","SKJCWPAC",2000,1198149,"WCPFC","tuna"
"1018","SKJCWPAC",2001,1104553,"WCPFC","tuna"
"1019","SKJCWPAC",2002,1256174,"WCPFC","tuna"
"1020","SKJCWPAC",2003,1247718,"WCPFC","tuna"
"1021","SKJCWPAC",2004,1357330,"WCPFC","tuna"
"1022","SKJCWPAC",2005,1418129,"WCPFC","tuna"
"1023","SKJCWPAC",2006,1479386,"WCPFC","tuna"
"1024","SKJCWPAC",2007,1663349,"WCPFC","tuna"
"1025","SKJCWPAC",2008,1649075,"WCPFC","tuna"
"1026","SKJCWPAC",2009,1761338,"WCPFC","tuna"
"1027","SKJCWPAC",2010,1680363,"WCPFC","tuna"
"1028","SKJCWPAC",2011,1536806,"WCPFC","tuna"
"1029","SKJCWPAC",2012,1731944,"WCPFC","tuna"
"1030","SKJCWPAC",2013,1831396,"WCPFC","tuna"
"1031","SKJCWPAC",2014,1985132,"WCPFC","tuna"
"1032","SKJCWPAC",2015,1788514,"WCPFC","tuna"
"1033","SKJCWPAC",2016,1790934,"WCPFC","tuna"
"1034","SKJCWPAC",2017,1614935,"WCPFC","tuna"
"1035","SKJCWPAC",2018,1849017,"WCPFC","tuna"
"1036","SKJCWPAC",2019,2041758,"WCPFC","tuna"
"1037","SKJCWPAC",2020,1753922,"WCPFC","tuna"
"1038","SKJWATL",1950,0,"ICCAT","tuna"
"1039","SKJWATL",1951,0,"ICCAT","tuna"
"1040","SKJWATL",1952,1230,"ICCAT","tuna"
"1041","SKJWATL",1953,1280,"ICCAT","tuna"
"1042","SKJWATL",1954,1370,"ICCAT","tuna"
"1043","SKJWATL",1955,1400,"ICCAT","tuna"
"1044","SKJWATL",1956,1500,"ICCAT","tuna"
"1045","SKJWATL",1957,1960,"ICCAT","tuna"
"1046","SKJWATL",1958,1650,"ICCAT","tuna"
"1047","SKJWATL",1959,1830,"ICCAT","tuna"
"1048","SKJWATL",1960,3260,"ICCAT","tuna"
"1049","SKJWATL",1961,3300,"ICCAT","tuna"
"1050","SKJWATL",1962,2010,"ICCAT","tuna"
"1051","SKJWATL",1963,3960,"ICCAT","tuna"
"1052","SKJWATL",1964,5050,"ICCAT","tuna"
"1053","SKJWATL",1965,1550,"ICCAT","tuna"
"1054","SKJWATL",1966,1790,"ICCAT","tuna"
"1055","SKJWATL",1967,2790,"ICCAT","tuna"
"1056","SKJWATL",1968,2640,"ICCAT","tuna"
"1057","SKJWATL",1969,1860,"ICCAT","tuna"
"1058","SKJWATL",1970,2480,"ICCAT","tuna"
"1059","SKJWATL",1971,1990,"ICCAT","tuna"
"1060","SKJWATL",1972,2960,"ICCAT","tuna"
"1061","SKJWATL",1973,2900,"ICCAT","tuna"
"1062","SKJWATL",1974,3500,"ICCAT","tuna"
"1063","SKJWATL",1975,3560,"ICCAT","tuna"
"1064","SKJWATL",1976,3770,"ICCAT","tuna"
"1065","SKJWATL",1977,3360,"ICCAT","tuna"
"1066","SKJWATL",1978,7200,"ICCAT","tuna"
"1067","SKJWATL",1979,6570,"ICCAT","tuna"
"1068","SKJWATL",1980,12400,"ICCAT","tuna"
"1069","SKJWATL",1981,23100,"ICCAT","tuna"
"1070","SKJWATL",1982,32500,"ICCAT","tuna"
"1071","SKJWATL",1983,32000,"ICCAT","tuna"
"1072","SKJWATL",1984,35600,"ICCAT","tuna"
"1073","SKJWATL",1985,40300,"ICCAT","tuna"
"1074","SKJWATL",1986,32200,"ICCAT","tuna"
"1075","SKJWATL",1987,24200,"ICCAT","tuna"
"1076","SKJWATL",1988,23700,"ICCAT","tuna"
"1077","SKJWATL",1989,26400,"ICCAT","tuna"
"1078","SKJWATL",1990,26100,"ICCAT","tuna"
"1079","SKJWATL",1991,33400,"ICCAT","tuna"
"1080","SKJWATL",1992,30200,"ICCAT","tuna"
"1081","SKJWATL",1993,33200,"ICCAT","tuna"
"1082","SKJWATL",1994,29900,"ICCAT","tuna"
"1083","SKJWATL",1995,21900,"ICCAT","tuna"
"1084","SKJWATL",1996,27600,"ICCAT","tuna"
"1085","SKJWATL",1997,31700,"ICCAT","tuna"
"1086","SKJWATL",1998,29100,"ICCAT","tuna"
"1087","SKJWATL",1999,27400,"ICCAT","tuna"
"1088","SKJWATL",2000,29200,"ICCAT","tuna"
"1089","SKJWATL",2001,31500,"ICCAT","tuna"
"1090","SKJWATL",2002,21600,"ICCAT","tuna"
"1091","SKJWATL",2003,24700,"ICCAT","tuna"
"1092","SKJWATL",2004,27500,"ICCAT","tuna"
"1093","SKJWATL",2005,28500,"ICCAT","tuna"
"1094","SKJWATL",2006,26500,"ICCAT","tuna"
"1095","SKJWATL",2007,25400,"ICCAT","tuna"
"1096","SKJWATL",2008,22000,"ICCAT","tuna"
"1097","SKJWATL",2009,25800,"ICCAT","tuna"
"1098","SKJWATL",2010,23000,"ICCAT","tuna"
"1099","SKJWATL",2011,32400,"ICCAT","tuna"
"1100","SKJWATL",2012,32800,"ICCAT","tuna"
"1101","SKJWATL",2013,18600,"ICCAT","tuna"
"1102","SKJWATL",2014,NA,"ICCAT","tuna"
"1103","YFINATL",1950,NA,"ICCAT","tuna"
"1104","YFINATL",1951,1360,"ICCAT","tuna"
"1105","YFINATL",1952,2790,"ICCAT","tuna"
"1106","YFINATL",1953,3600,"ICCAT","tuna"
"1107","YFINATL",1954,3410,"ICCAT","tuna"
"1108","YFINATL",1955,4300,"ICCAT","tuna"
"1109","YFINATL",1956,6600,"ICCAT","tuna"
"1110","YFINATL",1957,23700,"ICCAT","tuna"
"1111","YFINATL",1958,40600,"ICCAT","tuna"
"1112","YFINATL",1959,57800,"ICCAT","tuna"
"1113","YFINATL",1960,68500,"ICCAT","tuna"
"1114","YFINATL",1961,58800,"ICCAT","tuna"
"1115","YFINATL",1962,57500,"ICCAT","tuna"
"1116","YFINATL",1963,64600,"ICCAT","tuna"
"1117","YFINATL",1964,68900,"ICCAT","tuna"
"1118","YFINATL",1965,67700,"ICCAT","tuna"
"1119","YFINATL",1966,58700,"ICCAT","tuna"
"1120","YFINATL",1967,60200,"ICCAT","tuna"
"1121","YFINATL",1968,84300,"ICCAT","tuna"
"1122","YFINATL",1969,94600,"ICCAT","tuna"
"1123","YFINATL",1970,74500,"ICCAT","tuna"
"1124","YFINATL",1971,74500,"ICCAT","tuna"
"1125","YFINATL",1972,94600,"ICCAT","tuna"
"1126","YFINATL",1973,95100,"ICCAT","tuna"
"1127","YFINATL",1974,107000,"ICCAT","tuna"
"1128","YFINATL",1975,125000,"ICCAT","tuna"
"1129","YFINATL",1976,125000,"ICCAT","tuna"
"1130","YFINATL",1977,131000,"ICCAT","tuna"
"1131","YFINATL",1978,134000,"ICCAT","tuna"
"1132","YFINATL",1979,128000,"ICCAT","tuna"
"1133","YFINATL",1980,131000,"ICCAT","tuna"
"1134","YFINATL",1981,156000,"ICCAT","tuna"
"1135","YFINATL",1982,165000,"ICCAT","tuna"
"1136","YFINATL",1983,166000,"ICCAT","tuna"
"1137","YFINATL",1984,114000,"ICCAT","tuna"
"1138","YFINATL",1985,157000,"ICCAT","tuna"
"1139","YFINATL",1986,147000,"ICCAT","tuna"
"1140","YFINATL",1987,145000,"ICCAT","tuna"
"1141","YFINATL",1988,136000,"ICCAT","tuna"
"1142","YFINATL",1989,162000,"ICCAT","tuna"
"1143","YFINATL",1990,194000,"ICCAT","tuna"
"1144","YFINATL",1991,168000,"ICCAT","tuna"
"1145","YFINATL",1992,164000,"ICCAT","tuna"
"1146","YFINATL",1993,163000,"ICCAT","tuna"
"1147","YFINATL",1994,174000,"ICCAT","tuna"
"1148","YFINATL",1995,155000,"ICCAT","tuna"
"1149","YFINATL",1996,149000,"ICCAT","tuna"
"1150","YFINATL",1997,137000,"ICCAT","tuna"
"1151","YFINATL",1998,144000,"ICCAT","tuna"
"1152","YFINATL",1999,136000,"ICCAT","tuna"
"1153","YFINATL",2000,132000,"ICCAT","tuna"
"1154","YFINATL",2001,153000,"ICCAT","tuna"
"1155","YFINATL",2002,134000,"ICCAT","tuna"
"1156","YFINATL",2003,122000,"ICCAT","tuna"
"1157","YFINATL",2004,119000,"ICCAT","tuna"
"1158","YFINATL",2005,102000,"ICCAT","tuna"
"1159","YFINATL",2006,105000,"ICCAT","tuna"
"1160","YFINATL",2007,96000,"ICCAT","tuna"
"1161","YFINATL",2008,107000,"ICCAT","tuna"
"1162","YFINATL",2009,113000,"ICCAT","tuna"
"1163","YFINATL",2010,109000,"ICCAT","tuna"
"1164","YFINATL",2011,103000,"ICCAT","tuna"
"1165","YFINATL",2012,105000,"ICCAT","tuna"
"1166","YFINATL",2013,97300,"ICCAT","tuna"
"1167","YFINATL",2014,97000,"ICCAT","tuna"
"1168","YFINATL",2015,109000,"ICCAT","tuna"
"1169","YFINATL",2016,128000,"ICCAT","tuna"
"1170","YFINATL",2017,135865,"ICCAT","tuna"
"1171","YFINATL",2018,135689,"ICCAT","tuna"
"1172","YFINCWPAC",1950,22562,"WCPFC","tuna"
"1173","YFINCWPAC",1951,20095,"WCPFC","tuna"
"1174","YFINCWPAC",1952,32514,"WCPFC","tuna"
"1175","YFINCWPAC",1953,40067,"WCPFC","tuna"
"1176","YFINCWPAC",1954,41944,"WCPFC","tuna"
"1177","YFINCWPAC",1955,41351,"WCPFC","tuna"
"1178","YFINCWPAC",1956,42733,"WCPFC","tuna"
"1179","YFINCWPAC",1957,58043,"WCPFC","tuna"
"1180","YFINCWPAC",1958,63398,"WCPFC","tuna"
"1181","YFINCWPAC",1959,66895,"WCPFC","tuna"
"1182","YFINCWPAC",1960,73667,"WCPFC","tuna"
"1183","YFINCWPAC",1961,75438,"WCPFC","tuna"
"1184","YFINCWPAC",1962,83944,"WCPFC","tuna"
"1185","YFINCWPAC",1963,75756,"WCPFC","tuna"
"1186","YFINCWPAC",1964,74148,"WCPFC","tuna"
"1187","YFINCWPAC",1965,73629,"WCPFC","tuna"
"1188","YFINCWPAC",1966,93068,"WCPFC","tuna"
"1189","YFINCWPAC",1967,68576,"WCPFC","tuna"
"1190","YFINCWPAC",1968,81446,"WCPFC","tuna"
"1191","YFINCWPAC",1969,87017,"WCPFC","tuna"
"1192","YFINCWPAC",1970,98664,"WCPFC","tuna"
"1193","YFINCWPAC",1971,104127,"WCPFC","tuna"
"1194","YFINCWPAC",1972,114961,"WCPFC","tuna"
"1195","YFINCWPAC",1973,127713,"WCPFC","tuna"
"1196","YFINCWPAC",1974,130611,"WCPFC","tuna"
"1197","YFINCWPAC",1975,140233,"WCPFC","tuna"
"1198","YFINCWPAC",1976,151891,"WCPFC","tuna"
"1199","YFINCWPAC",1977,183437,"WCPFC","tuna"
"1200","YFINCWPAC",1978,176414,"WCPFC","tuna"
"1201","YFINCWPAC",1979,198232,"WCPFC","tuna"
"1202","YFINCWPAC",1980,217690,"WCPFC","tuna"
"1203","YFINCWPAC",1981,227008,"WCPFC","tuna"
"1204","YFINCWPAC",1982,235251,"WCPFC","tuna"
"1205","YFINCWPAC",1983,289442,"WCPFC","tuna"
"1206","YFINCWPAC",1984,290052,"WCPFC","tuna"
"1207","YFINCWPAC",1985,297846,"WCPFC","tuna"
"1208","YFINCWPAC",1986,345810,"WCPFC","tuna"
"1209","YFINCWPAC",1987,333937,"WCPFC","tuna"
"1210","YFINCWPAC",1988,321006,"WCPFC","tuna"
"1211","YFINCWPAC",1989,383505,"WCPFC","tuna"
"1212","YFINCWPAC",1990,429589,"WCPFC","tuna"
"1213","YFINCWPAC",1991,460490,"WCPFC","tuna"
"1214","YFINCWPAC",1992,456510,"WCPFC","tuna"
"1215","YFINCWPAC",1993,418101,"WCPFC","tuna"
"1216","YFINCWPAC",1994,449221,"WCPFC","tuna"
"1217","YFINCWPAC",1995,442815,"WCPFC","tuna"
"1218","YFINCWPAC",1996,425705,"WCPFC","tuna"
"1219","YFINCWPAC",1997,481125,"WCPFC","tuna"
"1220","YFINCWPAC",1998,536853,"WCPFC","tuna"
"1221","YFINCWPAC",1999,475159,"WCPFC","tuna"
"1222","YFINCWPAC",2000,506965,"WCPFC","tuna"
"1223","YFINCWPAC",2001,505659,"WCPFC","tuna"
"1224","YFINCWPAC",2002,491890,"WCPFC","tuna"
"1225","YFINCWPAC",2003,565533,"WCPFC","tuna"
"1226","YFINCWPAC",2004,598099,"WCPFC","tuna"
"1227","YFINCWPAC",2005,553254,"WCPFC","tuna"
"1228","YFINCWPAC",2006,539773,"WCPFC","tuna"
"1229","YFINCWPAC",2007,567047,"WCPFC","tuna"
"1230","YFINCWPAC",2008,644427,"WCPFC","tuna"
"1231","YFINCWPAC",2009,558446,"WCPFC","tuna"
"1232","YFINCWPAC",2010,566205,"WCPFC","tuna"
"1233","YFINCWPAC",2011,531230,"WCPFC","tuna"
"1234","YFINCWPAC",2012,625687,"WCPFC","tuna"
"1235","YFINCWPAC",2013,578552,"WCPFC","tuna"
"1236","YFINCWPAC",2014,618063,"WCPFC","tuna"
"1237","YFINCWPAC",2015,589285,"WCPFC","tuna"
"1238","YFINCWPAC",2016,658538,"WCPFC","tuna"
"1239","YFINCWPAC",2017,707866,"WCPFC","tuna"
"1240","YFINCWPAC",2018,695142,"WCPFC","tuna"
"1241","YFINCWPAC",2019,689599,"WCPFC","tuna"
"1242","YFINCWPAC",2020,722042,"WCPFC","tuna"
"1243","YFINEIO",1950,4300,"IOTC","tuna"
"1244","YFINEIO",1951,4740,"IOTC","tuna"
"1245","YFINEIO",1952,8390,"IOTC","tuna"
"1246","YFINEIO",1953,11500,"IOTC","tuna"
"1247","YFINEIO",1954,27000,"IOTC","tuna"
"1248","YFINEIO",1955,50700,"IOTC","tuna"
"1249","YFINEIO",1956,66500,"IOTC","tuna"
"1250","YFINEIO",1957,40200,"IOTC","tuna"
"1251","YFINEIO",1958,31000,"IOTC","tuna"
"1252","YFINEIO",1959,30900,"IOTC","tuna"
"1253","YFINEIO",1960,44400,"IOTC","tuna"
"1254","YFINEIO",1961,42800,"IOTC","tuna"
"1255","YFINEIO",1962,56100,"IOTC","tuna"
"1256","YFINEIO",1963,35400,"IOTC","tuna"
"1257","YFINEIO",1964,36000,"IOTC","tuna"
"1258","YFINEIO",1965,37400,"IOTC","tuna"
"1259","YFINEIO",1966,56900,"IOTC","tuna"
"1260","YFINEIO",1967,46500,"IOTC","tuna"
"1261","YFINEIO",1968,88400,"IOTC","tuna"
"1262","YFINEIO",1969,65200,"IOTC","tuna"
"1263","YFINEIO",1970,42500,"IOTC","tuna"
"1264","YFINEIO",1971,43500,"IOTC","tuna"
"1265","YFINEIO",1972,45200,"IOTC","tuna"
"1266","YFINEIO",1973,41600,"IOTC","tuna"
"1267","YFINEIO",1974,45700,"IOTC","tuna"
"1268","YFINEIO",1975,47800,"IOTC","tuna"
"1269","YFINEIO",1976,51100,"IOTC","tuna"
"1270","YFINEIO",1977,74200,"IOTC","tuna"
"1271","YFINEIO",1978,64000,"IOTC","tuna"
"1272","YFINEIO",1979,56200,"IOTC","tuna"
"1273","YFINEIO",1980,53600,"IOTC","tuna"
"1274","YFINEIO",1981,59300,"IOTC","tuna"
"1275","YFINEIO",1982,70600,"IOTC","tuna"
"1276","YFINEIO",1983,74100,"IOTC","tuna"
"1277","YFINEIO",1984,120000,"IOTC","tuna"
"1278","YFINEIO",1985,135000,"IOTC","tuna"
"1279","YFINEIO",1986,151000,"IOTC","tuna"
"1280","YFINEIO",1987,168000,"IOTC","tuna"
"1281","YFINEIO",1988,223000,"IOTC","tuna"
"1282","YFINEIO",1989,213000,"IOTC","tuna"
"1283","YFINEIO",1990,253000,"IOTC","tuna"
"1284","YFINEIO",1991,245000,"IOTC","tuna"
"1285","YFINEIO",1992,321000,"IOTC","tuna"
"1286","YFINEIO",1993,402000,"IOTC","tuna"
"1287","YFINEIO",1994,340000,"IOTC","tuna"
"1288","YFINEIO",1995,353000,"IOTC","tuna"
"1289","YFINEIO",1996,362000,"IOTC","tuna"
"1290","YFINEIO",1997,357000,"IOTC","tuna"
"1291","YFINEIO",1998,325000,"IOTC","tuna"
"1292","YFINEIO",1999,370000,"IOTC","tuna"
"1293","YFINEIO",2000,343000,"IOTC","tuna"
"1294","YFINEIO",2001,322000,"IOTC","tuna"
"1295","YFINEIO",2002,348000,"IOTC","tuna"
"1296","YFINEIO",2003,456000,"IOTC","tuna"
"1297","YFINEIO",2004,528000,"IOTC","tuna"
"1298","YFINEIO",2005,511000,"IOTC","tuna"
"1299","YFINEIO",2006,425000,"IOTC","tuna"
"1300","YFINEIO",2007,324000,"IOTC","tuna"
"1301","YFINEIO",2008,321000,"IOTC","tuna"
"1302","YFINEIO",2009,267000,"IOTC","tuna"
"1303","YFINEIO",2010,302000,"IOTC","tuna"
"1304","YFINEIO",2011,327000,"IOTC","tuna"
"1305","YFINEIO",2012,4e+05,"IOTC","tuna"
"1306","YFINEIO",2013,405000,"IOTC","tuna"
"1307","YFINEIO",2014,408000,"IOTC","tuna"
"1308","YFINEIO",2015,402000,"IOTC","tuna"
"1309","YFINEIO",2016,427000,"IOTC","tuna"
"1310","YFINEIO",2017,422700,"IOTC","tuna"
"1311","YFINEIO",2018,443000,"IOTC","tuna"
"1312","YFINEIO",2019,449600,"IOTC","tuna"
"1313","YFINEIO",2020,432623,"IOTC","tuna"
"1314","YFINEPAC",1950,102000,"IATTC","tuna"
"1315","YFINEPAC",1951,84400,"IATTC","tuna"
"1316","YFINEPAC",1952,88600,"IATTC","tuna"
"1317","YFINEPAC",1953,63500,"IATTC","tuna"
"1318","YFINEPAC",1954,63700,"IATTC","tuna"
"1319","YFINEPAC",1955,64300,"IATTC","tuna"
"1320","YFINEPAC",1956,81300,"IATTC","tuna"
"1321","YFINEPAC",1957,79800,"IATTC","tuna"
"1322","YFINEPAC",1958,72300,"IATTC","tuna"
"1323","YFINEPAC",1959,61600,"IATTC","tuna"
"1324","YFINEPAC",1960,108000,"IATTC","tuna"
"1325","YFINEPAC",1961,109000,"IATTC","tuna"
"1326","YFINEPAC",1962,78200,"IATTC","tuna"
"1327","YFINEPAC",1963,74700,"IATTC","tuna"
"1328","YFINEPAC",1964,1e+05,"IATTC","tuna"
"1329","YFINEPAC",1965,88300,"IATTC","tuna"
"1330","YFINEPAC",1966,83900,"IATTC","tuna"
"1331","YFINEPAC",1967,80800,"IATTC","tuna"
"1332","YFINEPAC",1968,109000,"IATTC","tuna"
"1333","YFINEPAC",1969,138000,"IATTC","tuna"
"1334","YFINEPAC",1970,161000,"IATTC","tuna"
"1335","YFINEPAC",1971,121000,"IATTC","tuna"
"1336","YFINEPAC",1972,188000,"IATTC","tuna"
"1337","YFINEPAC",1973,210000,"IATTC","tuna"
"1338","YFINEPAC",1974,208000,"IATTC","tuna"
"1339","YFINEPAC",1975,2e+05,"IATTC","tuna"
"1340","YFINEPAC",1976,234000,"IATTC","tuna"
"1341","YFINEPAC",1977,199000,"IATTC","tuna"
"1342","YFINEPAC",1978,174000,"IATTC","tuna"
"1343","YFINEPAC",1979,187000,"IATTC","tuna"
"1344","YFINEPAC",1980,159000,"IATTC","tuna"
"1345","YFINEPAC",1981,179000,"IATTC","tuna"
"1346","YFINEPAC",1982,128000,"IATTC","tuna"
"1347","YFINEPAC",1983,99700,"IATTC","tuna"
"1348","YFINEPAC",1984,149000,"IATTC","tuna"
"1349","YFINEPAC",1985,226000,"IATTC","tuna"
"1350","YFINEPAC",1986,286000,"IATTC","tuna"
"1351","YFINEPAC",1987,286000,"IATTC","tuna"
"1352","YFINEPAC",1988,296000,"IATTC","tuna"
"1353","YFINEPAC",1989,299000,"IATTC","tuna"
"1354","YFINEPAC",1990,302000,"IATTC","tuna"
"1355","YFINEPAC",1991,266000,"IATTC","tuna"
"1356","YFINEPAC",1992,253000,"IATTC","tuna"
"1357","YFINEPAC",1993,251000,"IATTC","tuna"
"1358","YFINEPAC",1994,244000,"IATTC","tuna"
"1359","YFINEPAC",1995,239000,"IATTC","tuna"
"1360","YFINEPAC",1996,261000,"IATTC","tuna"
"1361","YFINEPAC",1997,272000,"IATTC","tuna"
"1362","YFINEPAC",1998,276000,"IATTC","tuna"
"1363","YFINEPAC",1999,298000,"IATTC","tuna"
"1364","YFINEPAC",2000,281000,"IATTC","tuna"
"1365","YFINEPAC",2001,418000,"IATTC","tuna"
"1366","YFINEPAC",2002,439000,"IATTC","tuna"
"1367","YFINEPAC",2003,410000,"IATTC","tuna"
"1368","YFINEPAC",2004,294000,"IATTC","tuna"
"1369","YFINEPAC",2005,284000,"IATTC","tuna"
"1370","YFINEPAC",2006,178000,"IATTC","tuna"
"1371","YFINEPAC",2007,180000,"IATTC","tuna"
"1372","YFINEPAC",2008,197000,"IATTC","tuna"
"1373","YFINEPAC",2009,249000,"IATTC","tuna"
"1374","YFINEPAC",2010,261000,"IATTC","tuna"
"1375","YFINEPAC",2011,216000,"IATTC","tuna"
"1376","YFINEPAC",2012,213000,"IATTC","tuna"
"1377","YFINEPAC",2013,231000,"IATTC","tuna"
"1378","YFINEPAC",2014,246000,"IATTC","tuna"
"1379","YFINEPAC",2015,260000,"IATTC","tuna"
"1380","YFINEPAC",2016,252000,"IATTC","tuna"
"1381","YFINEPAC",2017,215000,"IATTC","tuna"
"1382","YFINEPAC",2018,237000,"IATTC","tuna"
"1383","YFINEPAC",2019,232000,"IATTC","tuna"
"1384","YFINEPAC",2020,246000,"IATTC","tuna"
